[
  {
    "id": "fruits",
    "name": "Fruits",
    "iconName": "fruits.png",
	"ttsQuestion": "What is this fruit called?"
  },
  {
    "id": "vehicles",
    "name": "Vehicles",
    "iconName": "vehicles.png"
	"ttsQuestion": "What is this vehicle?"
  },
  {
    "id": "tools",
    "name": "Tools",
    "iconName": "tools.png"
	"ttsQuestion": "What is this tool called?"
  },
  {
    "id": "utensils",
    "name": "Utensils",
    "iconName": "utensils.png"
	"ttsQuestion": "What is this utensil?"
  }
]